﻿<?xml version="1.0" encoding="utf-8"?>
<component format="1" id="dropboxsync">
  <name>Dropbox Sync &amp; Datastore</name>
  <publisher>Xamarin, Inc.</publisher>
  <publisher-url>https://xamarin.com/</publisher-url>
  <version>3.0.0</version>
  <summary>Give your app its own private Dropbox client and leave the syncing to Dropbox.</summary>
  <samples>
    <sample id="MonkeyBox.Android">
      <name>Android MonkeyBox. Demonstrates Dropbox Datastore Awesomeness on Android.</name>
      <summary>Android MonkeyBox. Demonstrates Dropbox Datastore Awesomeness on Android.</summary>
    </sample>
    <sample id="DropBoxSyncSampleMTD">
      <name>iOS Sample. Demonstrates Dropbox Awesomeness on iOS.</name>
      <summary>iOS Sample. Demonstrates Dropbox Awesomeness on iOS.</summary>
    </sample>
    <sample id="MonkeyBox">
      <name>iOS MonkeyBox. Demonstrates Dropbox Datastore Awesomeness on iOS.</name>
      <summary>iOS MonkeyBox. Demonstrates Dropbox Datastore Awesomeness on iOS.</summary>
    </sample>
  </samples>
</component>